id,group_id,first_name,last_name,birthdate,address,phone_number
1,65,Patrick,Hunter,1953-07-09,"02599 Brown Pine Suite 656 North Ryanberg, WV 19079",7166304461
2,4,Megan,Villanueva,2001-12-08,"848 Melissa Springs Suite 947 Kellerstad, CO 43010",+1-417-795-3304x135
3,201,Ethan,Tucker,1928-06-07,"351 Mary Drives Apt. 487 Seanborough, MA 27545",(577)728-3664
4,128,Jessica,Bradley,1942-12-11,"5422 Hill Light Apt. 972 Floydchester, WV 51245",(587)895-0983
5,49,Ryan,Graham,1964-06-03,"76914 Dyer Landing Apt. 997 West Billy, MD 51720",+1-918-402-6066x617
6,245,Richard,Brown,1980-12-08,"2667 Morris Vista East Paige, MH 42227",+1-629-866-5586x271
7,170,Steven,Villegas,1973-05-07,"912 Mitchell Turnpike Suite 501 Carterstad, KY 01429",(375)433-1658
8,13,Christopher,Robinson,2008-03-30,"3511 Rebecca Mission North Tyler, KS 27663",+1-903-492-1376x5821
9,82,Jasmine,Lutz,1975-02-06,Unit 2975 Box 9569 DPO AP 19386,966.535.6433x43895
10,49,Ryan,Graham,1964-06-03,"76914 Dyer Landing Apt. 997 West Billy, MD 51720",+1-918-402-6066x6179
11,235,Matthew,Bell,1951-08-28,"730 Joshua Knolls Apt. 997 Rhondabury, PR 03706",(784)326-4940
12,164,Keith,Garcia,1925-07-25,"73786 Mcmahon Drives Apt. 871 Garrettmouth, VA 23987",299-457-9376
13,146,Cindy,Chung,1944-02-17,"49832 Cunningham Shore Suite 579 North Julie, MO 86670",(954)224-7469x37327
14,74,Rebecca,Rose,1990-11-05,"1039 Melissa Underpass Apt. 329 Lake Michael, AS 35585",7007924367
15,92,Abigail,Johnson,1984-04-20,"4948 Martin Road Lake Lynnhaven, GA 65600",+1-630-332-9229x9211
16,88,Nicholas,Williams,1994-06-20,"289 Diana Inlet Suite 896 South James, CO 13289",+1-561-387-203
17,53,Christopher,Johnson,1934-11-24,"1759 Estrada Valleys Apt. 288 Port Melissaburgh, AK 84808",(486)893-764
18,193,James,Larsen,1927-09-07,"89649 Jeffrey Brook Suite 137 Brittanyport, AL 92706",+1-654-610-9070x210
19,254,yan,Graham,1964-06-03,"76914 Dyer Landing Apt. 997 West Billy, MD 51720",+1-918-402-6066x6179
20,200,Wesley,Smith,1943-08-27,"5343 Emily Glens Paulland, SC 08055",6924380829
21,5,Ronald,Brown,1940-07-28,"98910 Cynthia Rest South Christopherville, AZ 79865",8323173008
22,86,Nancy,Scott,1990-10-06,"12623 Michael Shoals Suite 241 Latoyabury, AL 19300",790.562.2780
23,233,Alexandra,Newton,1993-10-23,"540 Brown Way South Michaelfort, OK 46495",(932)489-9247
24,262,Allison,Ortiz,1978-09-07,"85010 Evans Camp Apt. 155 Georgechester, WV 25347",+1-231-316-2798x7882
25,274,Alison,Porter,1984-06-22,"85332 Lauren Turnpike East Andrea, KS 71826",4235623829
26,17,Kimberly,Smith,1974-12-24,"85367 Nicole Ridge Suite 951 Kristinaberg, PW 51310",218-930-6753x7510
27,224,Joshua,Stewart,1925-09-03,Unit 9580 Box 4976 DPO AE 22840,933-395-2000x310
28,251,Laura,Vasquez,1960-09-24,0877 Rios Mountains Suite 849 North Christopherborough; IL 36401,+1-458-628-6338x1050
29,138,Victor,Young,1996-06-22,"69774 Smith Walks Suite 151 South Stephen, GU 46202",293-628-7747x112
30,127,Lauren,Anderson,1951-10-11,"810 Ralph Via Georgefurt, AK 88376",768-938-5930x67803
31,56,Sarah,Hansen,1997-12-02,"033 Roberson Inlet Jeffreyfort, MI 67213",711-649-6356x23437
32,110,Linda,Fischer,1975-09-18,"31297 Tonya Parks Suite 727 Travishaven, VA 29870",001-305-784-6891x42822
33,63,Sandy,Walters,1949-02-02,"325 Robbins Lock Suite 571 East Karen, WV 20918",(878)535-0063x1699
34,236,Anne,Sutton,1993-08-31,"938 Jon Passage Apt. 583 Mauricefurt, MI 71443",(455)966-4381x4157
35,139,Michael,Atkins,1955-03-13,"47088 Flores Groves Suite 150 Guerraburgh, MI 81179",847-207-2353x1067
36,294,aron,Thomas,1933-01-19,"35974 Sharon Locks Apt. 101 Jennyport, ND 15579",941.618.9403x12722
37,259,Alexandria,Schroeder,1991-08-09,730 Jackson Parkways Lewisside; NC 65143,921-680-1036
38,11,Joseph,Hernandez,1973-09-29,"1730 White Pike West Richardmouth, ME 54859",318-977-551
39,127,Lauren,Anderson,1957-03-01,"810 Ralph Via Georgefurt, AK 88376",768-938-5930x67803
40,72,Traci,Dudley,1980-04-02,"93300 Heather Gateway Mckinneyberg, PA 82666",540.892.5554x84207
41,137,Brooke,Todd,1963-05-03,"8415 Mccarty Passage Suite 771 Marcusland, VT 57611",301-259-1839x00047
42,296,Jeffrey,havez,1966-07-28,"56820 Newman Ports Apt. 926 Jenniferside, ID 94439",253.797.0697
43,62,Robert,Lee,1957-10-06,"835 April Plains Suite 297 New Scott, IA 64432",+1-358-830-0023x793
44,108,olly,Perez,1981-10-26,"039 Gutierrez Lock Apt. 266 Wilcoxborough, KS 08780",001-829-704-2124x264
45,125,Lisa,Moore,1975-08-02,"3807 Andre Causeway Apt. 273 Baileyshire, CO 20206",(880)795-4839x409
46,150,Wendy,Hicks,1966-09-20,"146 Kimberly Courts Markport, CT 32028",291-916-7253x2320
47,146,Cindy,Chung,1944-02-17,"49832 Cunningham Shore Suite 579 North Julie, MO 86670",(954)224-7469x37327
48,179,Jenny,Gonzalez,2003-11-13,Unit 5422 Box 5645 DPO AA 63651,(729)973-4667x05750
49,110,inda,Fischer,1975-09-18,"31297 Tonya Parks Suite 727 Travishaven, VA 29870",001-305-784-6891x42822
50,50,Gene,Wells,1938-07-08,"PSC 4815, Box 5257 APO AP 68490",001-803-642-9546x04860
51,34,Michael,Ryan,1980-03-02,"0030 Jeremiah Shoal Carlton, MI 87529",(623)976-2542x56606
52,212,David,Stone,2002-06-21,"4779 Lewis Springs Apt. 352 Kristinton, OH 57534",(385)332-4120x50218
53,85,William,Smith,1980-02-09,"300 Madison Stream Christophershire, VI 51801",001-429-498-3442x293
54,255,Joshua,Stewart,1952-08-10,Unit 9580 Box 4976 DPO AE 22840,933-395-2000x310
55,203,Karen,Steele,1995-04-12,"5782 Jill Haven Suite 912 Tracibury, SD 66074",569-451-5701x22442
56,244,Laura,Vasquez,1960-09-24,"0877 Rios Mountains Suite 849 North Christopherborough, IL 36401",+1-458-628-6338x1050
57,62,Robert,Lee,1957-10-06,"835 April Plains Suite 297 New Scott, IA 64432",+1-358-830-0023x793
58,207,Holly,Cherry,1959-08-29,"10592 Nicole Hollow Nicolebury, SD 68132",683-832-9762x14655
59,212,David,Stone,2002-06-21,"4779 Lewis Springs Apt. 352 Kristinton, OH 57534",(385)332-4120x50218
60,121,Karen,Foster,1930-06-28,"6915 Timothy Park Johnton, MI 43960",(718)947-0922
61,164,Keith,Garcia,1925-07-25,73786 Mcmahon Drives Apt. 871 Garrettmouth; VA 23987,299-457-9376
62,218,Stacey,Williams,1945-02-26,"704 Shelley Forge West Christopher, KS 64803",346.659.8211x264
63,159,Melissa,Jordan,1984-07-01,"9890 Jerry Ports Lisamouth, AS 95510",+1-444-485-5217x811
64,140,Mark,Gregory,1963-06-08,"1680 Garcia Centers West Rodneyshire, LA 09444",779-254-5308x37806
65,127,Lauren,Anderson,1957-03-01,"810 Ralph Via Georgefurt, AK 88376",768-938-5930x67803
66,215,Vincent,Jones,1984-11-06,"6107 Salas Groves Ponceview, MS 76451",(920)812-0595
67,9,Jason,Love,1925-07-07,"19344 Craig Walk Burtontown, KY 59873",242-285-1240
68,269,Brian,Miller,1962-09-07,3858 Rebecca Islands Suite 518 New Thomas; PR 77352,(785)848-2212x1403
69,212,David,Stone,2002-06-21,"4779 Lewis Springs Apt. 352 Kristinton, OH 57534",(385)332-4120x50218
70,141,Alice,Johns,1984-09-16,"85239 Fernandez Meadows South Jose, AZ 47777",+1-245-243-6001x2959
71,13,Christopher,Robinson,2008-03-30,3511 Rebecca Mission North Tyler; KS 27663,+1-903-492-1376x5821
72,36,Jennifer,Mendez,1928-08-23,"07154 Stephen Parkways Suite 265 Lindafurt, AL 41233",748.970.8984x07616
73,69,Jordan,Brown,1957-07-29,"5877 Rodney Extension East Jasminfort, MS 04512",814.312.2705
74,144,Brandi,Riddle,1960-10-02,"52076 Maureen Loaf Colleenborough, NE 00904",001-693-469-7796x660
75,4,Megan,Villanueva,2001-12-08,"848 Melissa Springs Suite 947 Kellerstad, CO 43010",+1-417-795-3304x135
76,10,Jamie,Green,1951-06-10,"977 Watson Plain East Nicholas, LA 01667",(224)255-5159
77,100,Ashley,Jones,2007-08-29,431 Johnson Neck Suite 039 Mariechester; NV 92770,241.801.5666x34768
78,80,Natasha,Thomas,1928-03-06,184 Bell Shores Moralesmouth; WA 88276,+1-578-353-8065x580
79,256,Traci,udley,1980-04-02,"93300 Heather Gateway Mckinneyberg, PA 82666",540.892.5554x84207
80,26,Jessica,Perez,1987-09-14,"7562 Fisher Spur Hernandezberg, NC 41929",(532)575-6676
81,133,William,Reynolds,1937-09-10,"2052 William Rest North Jessica, MH 74153",578-297-4591
82,279,Bradley,Heber,1995-06-17,USNV Long FPO AE 83806,962-292-6480x222
83,129,Todd,Armstrong,1931-10-24,"0512 Amy Glens Port Kristinaberg, AZ 68013",579.746.0394
84,26,Jessica,Perez,1987-09-14,"7562 Fisher Spur Hernandezberg, NC 41929",(532)575-6676
85,207,Holly,Cherry,1959-08-29,"10592 Nicole Hollow Nicolebury, SD 68132",683-832-9762x14655
86,226,Danielle,Henderson,1959-12-10,"683 Miller Spur Suite 805 Kimberlymouth, NJ 83584",001-394-398-1014x243
87,293,Amy,Edwards,1991-10-07,"78628 Jennifer Haven West Brian, MN 91610",001-846-820-3943x740
88,103,Cynthia,Kelley,1942-05-28,"01504 Brown Bypass Apt. 292 Banksshire, DC 03151",001-382-911-1913x1761
89,12,Ronald,Turner,1986-04-21,"PSC 2961, Box 1133 APO AE 50939",516888477
90,163,Ethan,Lopez,1944-07-15,"6602 Mckinney Inlet New Jamesfort, MS 15293",+1-551-675-3990x15
91,230,Rachael,Jacobs,2002-10-18,"2028 Mike Manors New David, HI 88940",589.920.9062x039
92,41,Paul,owe,1977-03-31,"759 Anne Harbors Lynnfurt, NJ 68880",(301)995-5013
93,217,Judy,Cox,1957-01-16,"50019 Rodriguez Junction Apt. 555 Dylanmouth, CO 33868",644-426-9639x13472
94,35,Katherine,Cunningham,1935-06-30,USNS Smith FPO AE 82007,+1-382-915-3230x28216
95,280,Joseph,Mcdonald,1990-01-24,127 Michael Glens Myerstown; LA 86078,731.292.3837
96,158,Jonathan,Bennett,1961-04-01,"31881 Courtney Station Suite 543 West Susanview, MH 11854",001-299-421-7075x462
97,145,Gary,Greer,1935-06-08,"632 Smith Mount Timothystad, NY 99572",249.607.2435
98,36,Jennifer,Mendez,1928-08-23,"07154 Stephen Parkways Suite 265 Lindafurt, AL 41233",748.970.8984x07616
99,157,Donald,Carter,1987-08-23,"2933 Alexander Stravenue South Joshuahaven, AK 50441",992.502.0865x150
100,209,Bradley,Stafford,1948-02-24,"39698 Stephanie Shores Lake Johnville, OR 01031",791.810.332
101,290,Calvin,Parker,1952-06-26,9220 Richardson Roads Apt. 262 New Vickie; DC 27567,001-279-733-2365x99271
102,30,Angelica,Tanner,1958-01-22,USNS Burns FPO AE 37069,(956)618-4983x478
103,144,Brandi,Riddle,1960-10-02,"52076 Maureen Loaf Colleenborough, NE 00904",001-693-469-7796x660
104,202,Deborah,Ford,1936-04-22,"3904 Dominique Ports Apt. 699 North Alexis, KS 23563",804-750-4616
105,87,Elizabeth,Bryant,1980-06-11,"315 Nelson Plain Suite 348 Jonesfurt, DE 77833",+1-918-727-2648x3214
106,185,Katherine,Stevens,1969-06-29,"74822 Erica Parkway Apt. 701 Karenchester, MI 30198",967-699-8199
107,121,Karen,Foster,1930-06-28,6915 Timothy Park Johnton; MI 43960,(718)947-0922
108,160,Matthew,Robinson,1946-03-01,"8081 Stanley Creek Suite 711 Huffberg, MS 96818",(368)905-6442
109,100,Ashley,Jones,1977-10-03,"431 Johnson Neck Suite 039 Mariechester, NV 92770",241.801.5666x34768
110,55,Sydney,Mendoza,1972-04-22,"7314 Michael Court Lake Michelle, GU 87735",(998)330-0689
111,180,Michael,Chen,2000-04-11,Unit 8449 Box 6571 DPO AA 89469,868.506.8505x097
112,161,Amy,Edwards,1991-10-07,"78628 Jennifer Haven West Brian, MN 91610",001-846-820-3943x7400
113,70,Alison,Porter,1947-08-11,"85332 Lauren Turnpike East Andrea, KS 71826",4235623829
114,231,Adam,Powell,1970-03-15,"7072 Tricia Ridges Stephenton, CO 26413",001-701-964-3153
115,257,Megan,Steele,1990-12-30,4060 Shepherd Curve Suite 549 South Lauren; AL 80325,826-704-2921x68782
116,286,Kelly,Daniel,1982-02-20,58810 Cathy Trail Apt. 166 Blackwellmouth; SC 18908,869-430-3600
117,161,Amy,Edwards,1991-10-07,"78628 Jennifer Haven West Brian, MN 91610",001-846-820-3943x7400
118,176,Anthony,Spears,1986-06-10,"908 Terri Tunnel Natalieberg, WY 39069",+1-382-769-1463
119,148,Susan,Pace,1992-06-20,"759 David Manor Apt. 948 Pamelaberg, AZ 01714",(865)305-5899
120,126,Chad,Mccarty,1993-12-06,"9250 Mary Ranch Smithbury, GU 56947",001-274-202-9781
121,227,Shelly,Lee,1950-07-03,"23162 Jones Turnpike South Kimberly, CO 69011",387.627.9532
122,276,Angi,Sampson,1986-10-24,"38606 Lawrence Points Apt. 115 Patelborough, NM 61043",(299)748-8751
123,231,Adam,Powell,1970-03-15,"7072 Tricia Ridges Stephenton, CO 26413",001-701-964-315
124,136,Larry,Gibbs,1986-06-10,803 Joyce Fort Apt. 210 New Marychester; NH 85752,660.898.5832x948
125,65,Patrick,Hunter,1953-07-09,"02599 Brown Pine Suite 656 North Ryanberg, WV 19079",7166304461
126,202,Deborah,ord,1936-04-22,"3904 Dominique Ports Apt. 699 North Alexis, KS 23563",804-750-4616
127,182,Fernando,Schaefer,1942-01-04,"45395 Bryan Lights Port Jamie, RI 79613",562.274.9114
128,85,William,Smith,1980-02-09,"300 Madison Stream Christophershire, VI 51801",001-429-498-3442x293
129,124,Lauren,Thompson,1984-10-15,"6244 Michelle Burgs Port Jacobfurt, MT 10767",393-481-3578
130,204,Michael,Veg,1943-09-21,USNS Lawrence FPO AP 88052,987.852.6773
131,119,Jason,Blankenship,1964-01-28,"227 Stephanie Extension Apt. 148 New Melissa, TN 64065",373-362-1080
132,168,Nancy,Carlson,1999-10-11,"0741 Christopher Stream Suite 838 New Zachary, ME 69135",622.451.1466
133,238,Steven,Lambert,1994-04-20,"0336 Leah Springs Charlesberg, NE 15582",531-623-3851
134,291,Lind,Fischer,1975-09-18,"31297 Tonya Parks Suite 727 Travishaven, VA 29870",001-305-784-6891x42822
135,88,Nicholas,Williams,1994-06-20,"289 Diana Inlet Suite 896 South James, CO 13289",+1-561-387-2033
136,223,Keith,Smith,1992-05-03,"2401 Melissa Mountain Suite 264 Jordanchester, OR 68241",697-663-2742x1922
137,216,Tiffany,Harris,1930-05-11,"799 Hudson Village Apt. 242 Scottshire, CO 41264",(346)890-7384x30984
138,45,Deanna,Hale,1991-06-14,"PSC 9251, Box 6075 APO AP 81783",001-344-397-6207x43615
139,38,Marcus,Patton,1975-03-06,Unit 0290 Box 7250 DPO AP 63469,+1-349-831-8642x82129
140,240,Charle,Porter,1964-06-27,"07401 Laura Views Suite 697 East Michelleton, MN 51524",758-895-2521x514
141,175,Brooke,Murray,1940-02-11,776 Roberson Terrace Morganside; SD 83462,529-207-7746
142,103,Cynthia,Kelley,1942-05-28,"01504 Brown Bypass Apt. 292 Banksshire, DC 03151",001-382-911-1913x1761
143,115,Jason,Meyer,2000-02-21,"158 Robles Hollow Suite 025 South Jeremy, IN 09044",(576)515-3152
144,157,Donal,Carter,1987-08-23,"2933 Alexander Stravenue South Joshuahaven, AK 50441",992.502.0865x150
145,143,Sheila,Wagner,2002-01-02,"254 Baker Ferry Barnesville, MD 20124",525-471-5545x263
146,222,Erik,Davis,1984-05-15,"144 Hardin Prairie South Thomas, OH 03108",969-514-5886x441
147,71,Alexandria,Schroeder,1991-08-09,"730 Jackson Parkways Lewisside, NC 65143",921-680-1036
148,28,Jonathan,Alvarez,1953-04-22,"50402 Kristin Springs New Randy, PW 29464",635.291.9155x875
149,190,Blake,Perez,2007-08-17,"PSC 8406, Box 5333 APO AA 02812",+1-410-913-5918x643
150,24,Michelle,Campbell,1936-06-23,"168 Figueroa Turnpike Kellystad, OK 82920",(621)716-6972
151,121,Karen,Foster,1930-06-28,"6915 Timothy Park Johnton, MI 43960",(718)947-0922
152,248,Michael,Tyler,2007-11-23,"541 Bautista Park Apt. 764 Jamesstad, IA 80436",813.664.2069x59729
153,237,Amy,Miller,1942-12-23,"058 Eric Orchard Apt. 936 West Brent, PA 45775",+1-894-550-8909
154,215,Vincent,Jones,1984-11-06,"6107 Salas Groves Ponceview, MS 76451",(920)812-059
155,213,ennifer,Wilson,1956-08-14,USNV Johnson FPO AE 25490,+1-498-880-3209x744
156,247,Amy,atterson,1958-04-24,"074 Michael Overpass Pamelafurt, MH 50149",289-402-6650
157,174,Jessica,Hamilton,1970-12-07,"8505 Christopher Oval Apt. 380 South Coryberg, PR 62974",001-594-496-0809
158,236,Anne,Sutton,1993-08-31,"938 Jon Passage Apt. 583 Mauricefurt, MI 71443",(455)966-4381x4157
159,105,William,Smith,1925-06-03,"221 Navarro Shores West Tammy, GU 18700",6257531872
160,223,Keith,Smith,1992-05-03,"2401 Melissa Mountain Suite 264 Jordanchester, OR 68241",697-663-2742x1922
161,278,Jami,Green,1951-06-10,"977 Watson Plain East Nicholas, LA 01667",(224)255-5159
162,136,Larry,Gibbs,1986-06-10,"803 Joyce Fort Apt. 210 New Marychester, NH 85752",660.898.5832x948
163,101,Cynthi,Nunez,1938-02-06,"9947 Torres Viaduct Apt. 506 Benjaminport, CA 89854",953.360.9522
164,162,Andrea,Potts,1982-10-27,"3468 Cunningham Stream Apt. 530 Baxterfurt, KY 43676",583.699.9073
165,114,Steven,Alvarado,1983-12-28,"16914 Barbara Courts Port Julie, ME 53317",(487)345-2642
166,114,Steven,Alvarado,1983-12-28,"16914 Barbara Courts Port Julie, ME 53317",(487)345-2642
167,265,Sheila,Wagner,1932-10-12,"254 Baker Ferry Barnesville, MD 20124",525-471-5545x263
168,91,Austin,Alexander,1949-03-16,"752 Nancy Meadow Joyceville, GA 18758",986.520.4791x511
169,164,Keith,Garcia,1925-07-25,"73786 Mcmahon Drives Apt. 871 Garrettmouth, VA 23987",299-457-9376
170,176,Anthony,Spears,1986-06-10,"908 Terri Tunnel Natalieberg, WY 39069",+1-382-769-1463
171,109,Amanda,Coleman,1963-11-03,"4469 Vincent Rue Apt. 646 North Robertland, AS 36972",001-900-476-8587x878
172,205,Jacqueline,Ayers,1935-05-10,"451 Katie Row Apt. 782 South Jacobfort, DC 03907",723.790.5574
173,225,Kristopher,Gordon,1984-09-26,"88927 Harris Ville New Kathychester, OK 93906",826.798.8129x2592
174,267,Tiffany,Villarreal,1973-11-02,"5290 James Course Suite 347 South Colleen, OH 68916",+1-272-572-778
175,141,Alice,Johns,1984-09-16,"85239 Fernandez Meadows South Jose, AZ 47777",+1-245-243-6001x29592
176,156,indsey,Cain,1947-04-24,"92066 Jacobson Unions Williamsfort, TN 75548",001-701-802-9832
177,187,Erik,Williams,1941-04-02,"12831 Melanie Field East Nicholasville, MT 44462",237.401.1381x18191
178,67,Austin,Pittman,1943-11-11,"36397 Moore Stravenue Terriside, PR 26819",675.724.8015
179,246,James,Arroyo,1968-08-17,"04900 Zachary Lake Suite 189 Andrewberg, AR 09541",+1-251-894-2593
180,81,Thomas,Richardson,1988-12-11,"810 Williams Lakes West Joseph, NJ 99587",(503)275-2078x26497
181,101,Cynthia,Nunez,1938-02-06,"9947 Torres Viaduct Apt. 506 Benjaminport, CA 89854",953.360.9522
182,6,Mary,Jones,1931-04-17,"08709 Holly Lock Apt. 457 Lake Emily, WI 08109",+1-622-758-4197x20769
183,235,Matthew,Bell,1942-01-01,"730 Joshua Knolls Apt. 997 Rhondabury, PR 03706",(784)326-4940
184,194,Jessica,Mclean,1993-07-06,Unit 9905 Box 5997 DPO AE 70224,+1-897-264-9035x55263
185,12,Ronald,Turner,1986-04-21,"PSC 2961, Box 1133 APO AE 50939",5168884779
186,289,Tiffany,Harris,1954-01-19,"799 Hudson Village Apt. 242 Scottshire, CO 41264",(346)890-7384x30984
187,108,Molly,Perez,1981-10-26,"039 Gutierrez Lock Apt. 266 Wilcoxborough, KS 08780",001-829-704-2124x264
188,96,Kimberly,Anderson,1978-07-09,"2566 Diaz Coves Apt. 872 North Stefaniehaven, PR 92355",(373)761-6049x2448
189,174,Jessica,amilton,1970-12-07,"8505 Christopher Oval Apt. 380 South Coryberg, PR 62974",001-594-496-0809
190,206,Marcus,Turner,1958-12-07,"595 Davis Summit Apt. 028 Leahbury, AK 10875",+1-514-666-4570
191,271,Anthony,Smit,1958-10-31,"7877 Michaela Plain Gibbsview, AK 85435",711.455.1702x84006
192,208,Mark,Shah,1979-01-23,"625 Stephanie Fort South Larry, AZ 58856",001-778-528-6199x376
193,187,Erik,Williams,1941-04-02,"12831 Melanie Field East Nicholasville, MT 44462",237.401.1381x18191
194,81,Thomas,Richardson,1988-12-11,"810 Williams Lakes West Joseph, NJ 99587",(503)275-2078x26497
195,58,Jesse,Holmes,1925-06-15,"60906 Joseph Stream Suite 212 Anthonyton, AL 50658",+1-502-219-9317
196,130,Elizabeth,Benson,1947-07-28,"41543 Hall Village Apt. 361 Elizabethstad, MH 51707",6803861438
197,38,Marcus,Patton,1975-03-06,Unit 0290 Box 7250 DPO AP 63469,+1-349-831-8642x82129
198,157,Donald,Carter,1987-08-23,"2933 Alexander Stravenue South Joshuahaven, AK 50441",992.502.0865x150
199,104,Jennifer,Griffin,1966-12-08,"56821 Jessica Plaza North Jessica, MS 49228",658.798.6439x12965
200,79,Stephanie,Smith,1993-06-04,"115 Jon Isle Suite 788 North Lesliefurt, WI 53362",+1-778-468-1326
201,116,Christina,Edwards,1966-07-15,440 Joseph Parkway Apt. 472 North Spencerhaven; OH 80804,001-986-465-9535
202,137,Brooke,Todd,1963-05-03,"8415 Mccarty Passage Suite 771 Marcusland, VT 57611",301-259-1839x00047
203,27,Scott,Harris,1984-04-01,"PSC 0312, Box 5023 APO AP 39498",+1-918-945-6708x869
204,231,Adam,Powell,1970-03-15,"7072 Tricia Ridges Stephenton, CO 26413",001-701-964-3153
205,49,Ryan,Graham,1964-06-03,"76914 Dyer Landing Apt. 997 West Billy, MD 51720",+1-918-402-6066x6179
206,224,Joshua,Stewart,1925-09-03,Unit 9580 Box 4976 DPO AE 22840,933-395-2000x310
207,239,Kimberly,Klein,1966-11-07,97319 Holloway Alley Elizabethborough; AK 70515,+1-479-985-9362x9588
208,91,Austin,Alexander,1949-03-16,"752 Nancy Meadow Joyceville, GA 18758",986.520.4791x51
209,142,Laura,Donovan,2003-11-10,"82660 Roberts Tunnel East Briannatown, MN 48649",419-455-1635x94238
210,275,Elizabeth,Bryant,1949-03-10,"315 Nelson Plain Suite 348 Jonesfurt, DE 77833",+1-918-727-2648x3214
211,159,Melissa,Jordan,1984-07-01,"9890 Jerry Ports Lisamouth, AS 95510",+1-444-485-5217x811
212,122,Megan,Steele,1990-12-30,"4060 Shepherd Curve Suite 549 South Lauren, AL 80325",826-704-2921x68782
213,288,Megan,Steele,1971-08-12,"4060 Shepherd Curve Suite 549 South Lauren, AL 80325",826-704-2921x68782
214,93,Joseph,Mcdonald,1990-01-24,"127 Michael Glens Myerstown, LA 86078",731.292.3837
215,82,Jasmine,Lutz,1975-02-06,Unit 2975 Box 9569 DPO AP 19386,966.535.6433x4389
216,18,Jonathan,ohnson,1968-06-26,"18868 Dougherty Drive Snowchester, CO 14232",(711)362-0766x07541
217,24,Michelle,Campbell,1936-06-23,"168 Figueroa Turnpike Kellystad, OK 82920",(621)716-697
218,300,Jason,Meyer,2000-02-21,158 Robles Hollow Suite 025 South Jeremy; IN 09044,(576)515-3152
219,182,Fernando,Schaefer,1942-01-04,"45395 Bryan Lights Port Jamie, RI 79613",562.274.9114
220,213,Jennifer,Wilson,1956-08-14,USNV Johnson FPO AE 25490,+1-498-880-3209x744
221,140,Mark,Gregory,1963-06-08,"1680 Garcia Centers West Rodneyshire, LA 09444",779-254-5308x37806
222,273,Amy,lsen,1970-03-01,USNV Wallace FPO AP 50950,493-242-3209x47112
223,117,April,Rojas,1927-06-25,"18021 Manuel Inlet Port Bryan, AR 99903",825.268.9563
224,155,Megan,Evans,1969-09-12,"86446 Paul Ville Apt. 144 North John, ND 21976",436-373-4856x19771
225,243,Scott,Barrett,1992-01-08,"1277 Thompson Forest Apt. 152 New Deborah, NV 29620",686.372.0984
226,220,Heather,Richardson,1949-01-13,"520 Martin Mill Suite 167 North Stevenchester, IN 36624",(997)971-5684
227,62,Robert,Lee,1955-02-25,"835 April Plains Suite 297 New Scott, IA 64432",+1-358-830-0023x793
228,298,Cynthia,Nunez,1938-02-06,"9947 Torres Viaduct Apt. 506 Benjaminport, CA 89854",953.360.952
229,7,Paul,Sandoval,1938-01-19,"150 Taylor Track Suite 594 Brittanyberg, VT 41172",(861)209-3523x3769
230,177,Lori,Hernandez,1992-04-18,USCGC Stokes FPO AA 14189,565-356-5640x375
231,95,Taylor,Cameron,1987-01-14,"1643 Beard Greens Andersonfort, KY 23043",001-703-854-1064x593
232,282,Jonathan,llis,1968-11-13,Unit 4499 Box 9354 DPO AE 96447,+1-472-253-3296x7609
233,2,Christopher,Larsen,1984-04-09,"753 Padilla Circles New Jeffrey, AS 19178",+1-671-315-8714
234,192,Jeffrey,Chavez,1966-07-28,"56820 Newman Ports Apt. 926 Jenniferside, ID 94439",253.797.0697
235,28,Jonathan,Alvarez,1936-12-07,"50402 Kristin Springs New Randy, PW 29464",635.291.9155x875
236,231,Adam,Powell,1970-03-15,"7072 Tricia Ridges Stephenton, CO 26413",001-701-964-3153
237,188,Jonathan,Ellis,1968-11-13,Unit 4499 Box 9354 DPO AE 96447,+1-472-253-3296x7609
238,222,Erik,Davis,1984-05-15,"144 Hardin Prairie South Thomas, OH 03108",969-514-5886x441
239,169,Daniel,Bernard,1935-04-28,Unit 2068 Box 0949 DPO AP 41836,600.600.3511
240,53,Christopher,Johnson,1934-11-24,"1759 Estrada Valleys Apt. 288 Port Melissaburgh, AK 84808",(486)893-7640
241,65,Patric,Hunter,1953-07-09,"02599 Brown Pine Suite 656 North Ryanberg, WV 19079",7166304461
242,149,Daniel,Spencer,1964-12-11,"01053 Hudson Rue Apt. 635 North Sarahberg, KY 31387",+1-723-766-3308x46381
243,155,egan,Evans,1969-09-12,"86446 Paul Ville Apt. 144 North John, ND 21976",436-373-4856x19771
244,92,Abigail,Johnson,1984-04-20,"4948 Martin Road Lake Lynnhaven, GA 65600",+1-630-332-9229x9211
245,153,Christine,Reese,1926-06-22,"803 Clayton Courts East Davidberg, OH 31841",979.346.3088
246,214,ebecca,Garcia,1935-03-24,"90431 Scott Oval West Nicole, PA 73390",(574)273-9861x66315
247,169,Daniel,Bernard,1967-11-16,Unit 2068 Box 0949 DPO AP 41836,600.600.3511
248,210,Allison,Ortiz,1955-12-18,"85010 Evans Camp Apt. 155 Georgechester, WV 25347",+1-231-316-2798x7882
249,60,Christine,Hopkins,1956-10-08,"68818 Heather Mountains Apt. 877 South Amy, DC 55055",261-998-5373x576
250,4,Megan,Villanueva,2001-12-08,848 Melissa Springs Suite 947 Kellerstad; CO 43010,+1-417-795-3304x135
251,233,Alexandra,Newton,1993-10-23,"540 Brown Way South Michaelfort, OK 46495",(932)489-9247
252,3,Amy,Olsen,1970-03-01,USNV Wallace FPO AP 50950,493-242-3209x47112
253,46,Anthony,Smith,1958-10-31,"7877 Michaela Plain Gibbsview, AK 85435",711.455.1702x84006
254,90,Shawn,Davis,1948-03-26,"4191 Wood Road Apt. 326 Port Andrew, LA 19372",852.818.5515x33486
255,89,Carmen,Russell,1998-12-26,"71318 Cassandra Plaza Burkeview, TX 62280",+1-490-555-3037x3830
256,92,Abigail,Johnson,1984-04-20,4948 Martin Road Lake Lynnhaven; GA 65600,+1-630-332-9229x9211
257,285,Rebecca,Garcia,1935-10-17,"90431 Scott Oval West Nicole, PA 73390",(574)273-9861x66315
258,234,Javier,Cardenas,1983-06-09,"47750 James Squares North Rose, KS 25075",001-707-845-9164
259,37,Brett,Nelson,2007-12-18,"388 Hughes Village Suite 319 Lindabury, OR 88825",001-685-622-5090x9255
260,181,Gabrielle,Brown,1950-08-25,"831 Wilson Center Lucaston, NV 90343",001-528-690-9996x4749
261,41,Paul,Rowe,1977-03-31,"759 Anne Harbors Lynnfurt, NJ 68880",(301)995-5013
262,130,Elizabeth,Benson,1947-07-28,"41543 Hall Village Apt. 361 Elizabethstad, MH 51707",6803861438
263,167,Thomas,Williams,1926-11-22,USCGC Gill FPO AE 28948,338.200.7752
264,270,Kimberly,Anderson,1978-07-09,"2566 Diaz Coves Apt. 872 North Stefaniehaven, PR 92355",(373)761-6049x244
265,181,Gabrielle,Brown,1950-08-25,"831 Wilson Center Lucaston, NV 90343",001-528-690-9996x4749
266,97,Aaron,Thomas,1933-01-19,"35974 Sharon Locks Apt. 101 Jennyport, ND 15579",941.618.9403x1272
267,287,Jonatha,Alvarez,1953-04-22,"50402 Kristin Springs New Randy, PW 29464",635.291.9155x875
268,229,Paul,Clark,1959-04-12,"379 Evans Estate Kennethfurt, MN 31770",736.726.4320
269,16,Sherri,Turner,1959-03-11,"23450 Timothy Divide Wuland, TX 92080",(356)909-7670
270,224,Joshua,Stewart,1925-09-03,Unit 9580 Box 4976 DPO AE 22840,933-395-2000x31
271,36,Jennifer,Mendez,1928-08-23,"07154 Stephen Parkways Suite 265 Lindafurt, AL 41233",748.970.8984x07616
272,51,Nicholas,Clark,1936-06-15,"06967 Dawn Station Apt. 688 East Eric, GA 30418",8826759451
273,283,Stephanie,mith,1993-06-04,"115 Jon Isle Suite 788 North Lesliefurt, WI 53362",+1-778-468-1326
274,213,Jennifer,Wilson,1956-08-14,USNV Johnson FPO AE 25490,+1-498-880-3209x744
275,185,Katherine,Stevens,1969-06-29,"74822 Erica Parkway Apt. 701 Karenchester, MI 30198",967-699-8199
276,264,Joseph,Hernande,1973-09-29,"1730 White Pike West Richardmouth, ME 54859",318-977-5517
277,155,egan,Evans,1969-09-12,"86446 Paul Ville Apt. 144 North John, ND 21976",436-373-4856x19771
278,22,Nathan,Farley,2007-02-17,"1892 Hebert Ferry Reynoldsbury, NH 45116",625.371.7340x79703
279,261,Katherine,Cunningham,1935-06-30,USNS Smith FPO AE 82007,+1-382-915-3230x2821
280,284,Ann,Warner,1959-01-28,782 Dawn Radial Port Christopher; NJ 38224,443-360-0810x422
281,157,Donald,Carter,1987-08-23,"2933 Alexander Stravenue South Joshuahaven, AK 50441",992.502.0865x150
282,48,Gloria,iggins,1939-08-05,"8000 Ashley Drive Lake Kristin, WY 03966",(769)353-2583x86126
283,216,Tiffany,Harris,1930-05-11,"799 Hudson Village Apt. 242 Scottshire, CO 41264",(346)890-7384x30984
284,177,Lor,Hernandez,1992-04-18,USCGC Stokes FPO AA 14189,565-356-5640x375
285,159,Meliss,Jordan,1984-07-01,"9890 Jerry Ports Lisamouth, AS 95510",+1-444-485-5217x811
286,48,Gloria,Higgins,1939-08-05,"8000 Ashley Drive Lake Kristin, WY 03966",(769)353-2583x86126
287,118,Caitlyn,Walker,1925-12-05,"2319 Sarah Turnpike Karenport, WI 59798",686-275-4847x85656
288,277,Wesley,Smith,1943-08-27,"5343 Emily Glens Paulland, SC 08055",692438082
289,281,Alice,John,1984-09-16,"85239 Fernandez Meadows South Jose, AZ 47777",+1-245-243-6001x29592
290,14,Anne,Little,1960-06-12,"7389 Alec Squares Suite 508 Port Jonathan, WY 20935",(294)971-1801x3204
291,82,Jasmine,Lutz,1975-02-06,Unit 2975 Box 9569 DPO AP 19386,966.535.6433x4389
292,249,James,Castro,1947-07-14,"9996 Nicholas Ford Apt. 375 New Kaitlin, NM 99294",001-873-412-2452x099
293,90,Shawn,Davis,1948-03-26,4191 Wood Road Apt. 326 Port Andrew; LA 19372,852.818.5515x33486
294,23,Kayla,Fuller,1970-07-28,"73864 David Skyway Apt. 046 Wallaceview, MI 37646",001-339-810-1448x51832
295,39,Karen,Baker,1948-12-20,"8885 Lee Tunnel Suite 208 Port Donna, WY 74331",(757)908-6930x5823
296,183,Brian,Miller,1962-09-07,"3858 Rebecca Islands Suite 518 New Thomas, PR 77352",(785)848-2212x1403
297,234,Javier,Cardenas,1983-06-09,"47750 James Squares North Rose, KS 25075",001-707-845-9164
298,98,Rebecca,Benson,1961-10-29,"601 Kyle Roads Clarkfurt, IN 61202",+1-798-785-2609x6934
299,32,Calvin,arker,1952-06-26,"9220 Richardson Roads Apt. 262 New Vickie, DC 27567",001-279-733-2365x99271
300,228,Todd,Gordon,1984-05-12,"PSC 3679, Box 2608 APO AE 66496",589.450.2181
301,201,Ethan,Tucker,1928-06-07,"351 Mary Drives Apt. 487 Seanborough, MA 27545",(577)728-3664
302,20,Thomas,Carter,2003-02-06,USNV White FPO AE 13946,+1-594-526-2235
303,97,Aaron,Thomas,1933-01-19,"35974 Sharon Locks Apt. 101 Jennyport, ND 15579",941.618.9403x12722
304,217,Judy,ox,1957-01-16,"50019 Rodriguez Junction Apt. 555 Dylanmouth, CO 33868",644-426-9639x13472
305,63,Sandy,Walters,1949-02-02,"325 Robbins Lock Suite 571 East Karen, WV 20918",(878)535-0063x1699
306,171,Gregory,ontgomery,1995-01-18,"53799 Sydney Parkways Apt. 735 Matthewtown, GU 56077",001-515-366-5325x66843
307,71,Alexandria,Schroeder,1991-08-09,"730 Jackson Parkways Lewisside, NC 65143",921-680-103
308,115,ason,Meyer,2000-02-21,"158 Robles Hollow Suite 025 South Jeremy, IN 09044",(576)515-3152
309,152,Lauren,Franklin,1953-12-23,"47363 Riley Burg Suite 060 Lake Brandonchester, RI 39922",750.386.1640x500
310,64,Cynthia,Yu,1980-10-29,"6881 Cassidy Street Suite 036 Larrytown, WI 31843",+1-509-885-2741x974
311,173,Elizabeth,Martinez,2001-06-17,"78930 Alvarez Freeway East Jamieborough, MI 49190",8443059052
312,240,Charles,Porter,1964-06-27,"07401 Laura Views Suite 697 East Michelleton, MN 51524",758-895-2521x514
313,153,Christine,Rees,1926-06-22,"803 Clayton Courts East Davidberg, OH 31841",979.346.3088
314,31,Joseph,Smith,1976-05-09,"633 Hobbs Shoals Lake Amandachester, PR 07024",564-519-5384
315,57,Patrick,Anderson,1989-12-09,"55645 Saunders Station Suite 174 South Ericbury, WA 25003",673-916-6787x99368
316,235,Matthew,Bell,1951-08-28,"730 Joshua Knolls Apt. 997 Rhondabury, PR 03706",(784)326-4940
317,142,Laura,Donovan,1934-12-30,"82660 Roberts Tunnel East Briannatown, MN 48649",419-455-1635x94238
318,100,Ashley,Jones,2007-08-29,"431 Johnson Neck Suite 039 Mariechester, NV 92770",241.801.5666x34768
319,178,Levi,Brooks,2001-11-11,"65103 Jones Hollow Apt. 323 Walshport, MH 20992",687.902.7910
320,233,Alexandra,Newton,1993-10-23,"540 Brown Way South Michaelfort, OK 46495",(932)489-9247
321,252,homas,Richardson,1988-12-11,"810 Williams Lakes West Joseph, NJ 99587",(503)275-2078x26497
322,115,Jaso,Meyer,2000-02-21,"158 Robles Hollow Suite 025 South Jeremy, IN 09044",(576)515-3152
323,68,Austin,Carr,1949-08-03,"88571 Shaw Village Suite 119 Barajasburgh, LA 32094",+1-564-400-0415x5840
324,141,Alice,Johns,1984-09-16,"85239 Fernandez Meadows South Jose, AZ 47777",+1-245-243-6001x29592
325,212,David,Stone,2002-06-21,4779 Lewis Springs Apt. 352 Kristinton; OH 57534,(385)332-4120x50218
326,17,Kimberly,Smith,1974-12-24,"85367 Nicole Ridge Suite 951 Kristinaberg, PW 51310",218-930-6753x7510
327,237,my,Miller,1942-12-23,"058 Eric Orchard Apt. 936 West Brent, PA 45775",+1-894-550-8909
328,223,Keith,Smith,1992-05-03,"2401 Melissa Mountain Suite 264 Jordanchester, OR 68241",697-663-2742x1922
329,242,Frank,Bush,1951-05-30,"95224 Brandi Vista Suite 195 New Danielle, MO 42493",(698)797-8166
330,52,Rachel,Peterson,1966-12-13,"8436 Myers Mountains Tamichester, GU 13308",+1-422-809-9813x99814
331,25,Crystal,Newton,1943-06-01,"0742 Williams Road Apt. 057 Onealtown, PR 69553",616-605-0190
332,258,my,Edwards,1991-10-07,"78628 Jennifer Haven West Brian, MN 91610",001-846-820-3943x7400
333,198,Christine,Martinez,1970-02-09,Unit 0793 Box 3930 DPO AA 14883,(756)952-9672x6230
334,239,Kimberly,Klein,1966-11-07,"97319 Holloway Alley Elizabethborough, AK 70515",+1-479-985-9362x9588
335,16,Sherri,Turner,1959-03-11,"23450 Timothy Divide Wuland, TX 92080",(356)909-7670
336,206,Marcus,Turner,1958-12-07,"595 Davis Summit Apt. 028 Leahbury, AK 10875",+1-514-666-4570
337,211,Andre,Hernandez,1998-06-01,"842 Rivera Crest Nealport, OH 90670",669-557-4007x2103
338,181,Gabrielle,Brown,1950-08-25,"831 Wilson Center Lucaston, NV 90343",001-528-690-9996x4749
339,253,egan,Villanueva,2001-12-08,"848 Melissa Springs Suite 947 Kellerstad, CO 43010",+1-417-795-3304x135
340,42,Bradley,Hebert,1995-06-17,USNV Long FPO AE 83806,962-292-6480x222
341,35,Katherine,Cunningha,1935-06-30,USNS Smith FPO AE 82007,+1-382-915-3230x28216
342,99,Thomas,Farrell,1986-07-14,"4223 Morris Brooks Suite 794 North Tina, NH 96080",223.569.5820x76775
343,73,Matthew,Turner,1936-11-18,"9669 Dominguez Parkway Suite 933 Robinsonhaven, GA 67302",(698)988-7546
344,230,Rachael,Jacobs,2002-10-18,"2028 Mike Manors New David, HI 88940",589.920.9062x039
345,208,Mark,hah,1979-01-23,"625 Stephanie Fort South Larry, AZ 58856",001-778-528-6199x376
346,190,Blak,Perez,2007-08-17,"PSC 8406, Box 5333 APO AA 02812",+1-410-913-5918x643
347,29,Alejandra,Lee,1931-12-20,"34448 Scott Key Apt. 048 North Stevenmouth, AR 54518",377.811.1312x6379
348,172,Lauren,Roberson,1940-07-11,"119 Michael Expressway Suite 765 Sarahport, MD 56543",001-727-727-2685x5102
349,147,Jillian,Decker,1959-05-09,"44223 Anderson Key Apt. 992 North Davidview, OK 38067",620-349-5164x5988
350,123,David,Fitzpatrick,1955-03-01,"31373 Laura Lane Josephshire, KS 58556",704.676.3708x96539
351,66,Nathaniel,Pratt,1941-01-19,"8802 Weiss Route Martinstad, CT 80907",+1-461-949-1819
352,266,Scott,Barrett,1957-01-22,"1277 Thompson Forest Apt. 152 New Deborah, NV 29620",686.372.0984
353,84,James,Gonzalez,1994-04-25,"48476 Allison Summit Suite 010 Tonyaview, RI 94899",+1-374-386-7531
354,32,Calvin,Parker,1952-06-26,"9220 Richardson Roads Apt. 262 New Vickie, DC 27567",001-279-733-2365x99271
355,181,Gabriell,Brown,1950-08-25,"831 Wilson Center Lucaston, NV 90343",001-528-690-9996x4749
356,197,Jacqueline,Livingston,1959-05-12,"1397 Howe Terrace Apt. 001 New Roberto, MD 66358",917-747-7048
357,209,Bradley,Stafford,1948-02-24,"39698 Stephanie Shores Lake Johnville, OR 01031",791.810.3323
358,156,Lindsey,Cain,1947-04-24,"92066 Jacobson Unions Williamsfort, TN 75548",001-701-802-9832
359,135,Andrew,Thomas,1994-08-23,"53913 Stewart Roads Suite 017 Cynthiafurt, IL 21528",001-970-620-2901x5033
360,195,Linda,Adams,2005-02-18,"2906 Wright Canyon Lake Shaun, PA 20036",595.646.8187
361,26,Jessica,Perez,1987-09-14,7562 Fisher Spur Hernandezberg; NC 41929,(532)575-6676
362,171,Gregory,Montgomery,1995-01-18,"53799 Sydney Parkways Apt. 735 Matthewtown, GU 56077",001-515-366-5325x66843
363,131,Rachel,Garcia,2006-04-12,"21442 Lam Gateway Apt. 173 Ronaldmouth, FM 14040",(775)682-1767
364,19,David,Holt,1953-12-28,"1923 Jamie Spring Lake Adrianstad, UT 03731",+1-732-727-1754x203
365,125,Lisa,Moore,1975-08-02,"3807 Andre Causeway Apt. 273 Baileyshire, CO 20206",(880)795-4839x409
366,155,Megan,Evans,1969-09-12,"86446 Paul Ville Apt. 144 North John, ND 21976",436-373-4856x19771
367,94,Kathy,Fisher,1968-06-02,Unit 5986 Box 3417 DPO AP 83821,634-841-5270x670
368,1,Megan,Chang,1960-03-24,"4759 William Haven Apt. 194 West Corey, CA 90152",278-215-6593x87784
369,84,James,Gonzalez,1994-04-25,"48476 Allison Summit Suite 010 Tonyaview, RI 94899",+1-374-386-7531
370,11,Joseph,Hernandez,1973-09-29,"1730 White Pike West Richardmouth, ME 54859",318-977-5517
371,120,Nicole,Garza,1937-07-13,"1167 Matthew Pike Apt. 939 Morrisonville, DC 55337",732-324-4527
372,112,Richard,Lewis,1959-12-29,"7626 Kathleen Road Apt. 412 Morrisport, AS 59466",732-472-5372x18997
373,134,Cynthia,Powell,1967-11-01,"1720 Scott Station Suite 547 West Jessicabury, GU 46752",001-355-763-0698x4690
374,199,Maria,Gibson,2008-01-14,USNV Harper FPO AP 93083,403-684-4317x1875
375,247,Amy,Patterson,1958-04-24,"074 Michael Overpass Pamelafurt, MH 50149",289-402-6650
376,214,Rebecca,Garcia,1935-03-24,"90431 Scott Oval West Nicole, PA 73390",(574)273-9861x66315
377,248,Michael,Tyler,2007-11-23,"541 Bautista Park Apt. 764 Jamesstad, IA 80436",813.664.2069x59729
378,73,Matthew,Turner,1936-11-18,"9669 Dominguez Parkway Suite 933 Robinsonhaven, GA 67302",(698)988-7546
379,149,Daniel,Spencer,1942-11-07,"01053 Hudson Rue Apt. 635 North Sarahberg, KY 31387",+1-723-766-3308x46381
380,106,Jake,Wilson,1981-01-01,"46850 Hall Bypass Suite 842 Brandonview, VA 10929",360-843-2458x12739
381,219,Meredith,Chaney,2008-01-19,"3544 Thompson Forge Apt. 466 Stevenville, TN 09587",+1-432-273-9540
382,40,Andrew,Moss,1972-10-04,"1973 Shields Valley East Frankland, NE 83698",(544)865-9514x0704
383,142,Laura,Donovan,2003-11-10,"82660 Roberts Tunnel East Briannatown, MN 48649",419-455-1635x94238
384,248,Michael,Tyler,2007-11-23,"541 Bautista Park Apt. 764 Jamesstad, IA 80436",813.664.2069x59729
385,180,Michael,Che,2000-04-11,Unit 8449 Box 6571 DPO AA 89469,868.506.8505x097
386,47,Sheryl,Dominguez,1938-08-24,"395 Timothy Road Williamsbury, SC 37407",423-253-2675x92690
387,218,Stacey,Williams,1945-02-26,"704 Shelley Forge West Christopher, KS 64803",346.659.8211x264
388,18,Jonathan,Johnson,1968-06-26,"18868 Dougherty Drive Snowchester, CO 14232",(711)362-0766x07541
389,248,Michael,Tyler,2007-11-23,"541 Bautista Park Apt. 764 Jamesstad, IA 80436",813.664.2069x59729
390,56,Sarah,Hansen,1997-12-02,"033 Roberson Inlet Jeffreyfort, MI 67213",711-649-6356x23437
391,196,Joseph,Kirk,1973-03-02,Unit 9434 Box 5844 DPO AA 64098,916-932-3458
392,131,Rachel,Garcia,2006-04-12,"21442 Lam Gateway Apt. 173 Ronaldmouth, FM 14040",(775)682-1767
393,191,Shannon,Robinson,2000-10-05,"159 Charles Green Whiteheadborough, DC 14729",+1-533-544-0128x74211
394,236,Anne,Sutton,1993-08-31,"938 Jon Passage Apt. 583 Mauricefurt, MI 71443",(455)966-4381x4157
395,187,Erik,Williams,1941-04-02,"12831 Melanie Field East Nicholasville, MT 44462",237.401.1381x18191
396,77,Kelly,Daniel,1982-02-20,"58810 Cathy Trail Apt. 166 Blackwellmouth, SC 18908",869-430-3600
397,83,Carol,Hanson,1937-06-23,"289 Patricia Mission Suite 329 Catherineland, ND 65608",246.248.3565
398,170,Steven,Villegas,1934-03-03,"912 Mitchell Turnpike Suite 501 Carterstad, KY 01429",(375)433-1658
399,230,Rachael,Jacobs,2002-10-18,"2028 Mike Manors New David, HI 88940",589.920.9062x0396
400,201,Ethan,ucker,1928-06-07,"351 Mary Drives Apt. 487 Seanborough, MA 27545",(577)728-3664
401,8,Richard,Miles,1960-01-12,"71427 Odonnell Rapids North Troyport, MP 61697",7632812066
402,154,Monica,Anderson,1982-09-05,"31267 Scott Valleys New Benjamin, UT 87556",(727)592-0469x7796
403,52,Rachel,Peterson,1960-02-16,"8436 Myers Mountains Tamichester, GU 13308",+1-422-809-9813x99814
404,67,Austin,Pittman,1943-11-11,"36397 Moore Stravenue Terriside, PR 26819",675.724.8015
405,116,Christina,Edwards,1966-07-15,"440 Joseph Parkway Apt. 472 North Spencerhaven, OH 80804",001-986-465-9535
406,44,Cheryl,urnett,1968-08-31,"8081 Smith Trail North Ronaldstad, OK 59690",268-851-2502x20593
407,21,Kari,Carter,1960-02-29,"061 David Hills Yangberg, OR 55838",951-537-5806x6065
408,78,Ann,Warner,1959-01-28,"782 Dawn Radial Port Christopher, NJ 38224",443-360-0810x422
409,44,Cheryl,Burnett,1968-08-31,"8081 Smith Trail North Ronaldstad, OK 59690",268-851-2502x20593
410,34,Michael,Ryan,1986-02-06,"0030 Jeremiah Shoal Carlton, MI 87529",(623)976-2542x56606
411,241,Tiffany,Villarreal,1973-11-02,"5290 James Course Suite 347 South Colleen, OH 68916",+1-272-572-7785
412,152,Lauren,Franklin,1953-12-23,"47363 Riley Burg Suite 060 Lake Brandonchester, RI 39922",750.386.1640x50
413,122,egan,Steele,1990-12-30,"4060 Shepherd Curve Suite 549 South Lauren, AL 80325",826-704-2921x68782
414,151,Thomas,Arnold,1960-07-15,"2417 Harris Run Greenfort, ID 59837",+1-929-339-6564x62298
415,26,Jessica,Perez,1987-09-14,"7562 Fisher Spur Hernandezberg, NC 41929",(532)575-6676
416,195,Linda,Adams,2005-02-18,"2906 Wright Canyon Lake Shaun, PA 20036",595.646.8187
417,80,Natasha,Thomas,1928-03-06,"184 Bell Shores Moralesmouth, WA 88276",+1-578-353-8065x580
418,166,Brenda,Hendrix,1981-06-08,"089 Drake Orchard Howardchester, MI 40056",(200)403-6106x79314
419,123,David,Fitzpatrick,1955-03-01,"31373 Laura Lane Josephshire, KS 58556",704.676.3708x96539
420,268,Alexandr,Newton,1993-10-23,"540 Brown Way South Michaelfort, OK 46495",(932)489-9247
421,247,my,Patterson,1958-04-24,"074 Michael Overpass Pamelafurt, MH 50149",289-402-6650
422,150,Wendy,Hicks,1966-09-20,"146 Kimberly Courts Markport, CT 32028",291-916-7253x2320
423,19,David,Holt,1953-12-28,"1923 Jamie Spring Lake Adrianstad, UT 03731",+1-732-727-1754x203
424,165,John,Carter,1949-10-03,"717 Griffith Spur Sharonland, SD 40900",667.557.2751
425,167,Thomas,Williams,1926-02-02,USCGC Gill FPO AE 28948,338.200.7752
426,163,Ethan,Lopez,1944-07-15,"6602 Mckinney Inlet New Jamesfort, MS 15293",+1-551-675-3990x157
427,151,Thomas,Arnold,2002-02-01,"2417 Harris Run Greenfort, ID 59837",+1-929-339-6564x62298
428,205,Jacqueline,Ayers,1935-05-10,451 Katie Row Apt. 782 South Jacobfort; DC 03907,723.790.5574
429,175,Brooke,Murray,1940-02-11,"776 Roberson Terrace Morganside, SD 83462",529-207-7746
430,5,Ronald,Brown,1990-04-27,"98910 Cynthia Rest South Christopherville, AZ 79865",8323173008
431,292,Nancy,cott,1990-10-06,"12623 Michael Shoals Suite 241 Latoyabury, AL 19300",790.562.2780
432,67,Austin,Pittman,1943-11-11,"36397 Moore Stravenue Terriside, PR 26819",675.724.8015
433,25,Crystal,Newton,1943-06-01,"0742 Williams Road Apt. 057 Onealtown, PR 69553",616-605-0190
434,272,Thomas,Arnold,2003-04-12,"2417 Harris Run Greenfort, ID 59837",+1-929-339-6564x62298
435,57,Patrick,Anderson,1989-12-09,"55645 Saunders Station Suite 174 South Ericbury, WA 25003",673-916-6787x99368
436,201,Ethan,Tucker,1928-06-07,"351 Mary Drives Apt. 487 Seanborough, MA 27545",(577)728-3664
437,224,Joshua,Stewart,1925-09-03,Unit 9580 Box 4976 DPO AE 22840,933-395-2000x31
438,11,Joseph,Hernandez,1973-09-29,"1730 White Pike West Richardmouth, ME 54859",318-977-5517
439,74,Rebecca,Rose,1954-05-31,"1039 Melissa Underpass Apt. 329 Lake Michael, AS 35585",7007924367
440,166,Brenda,Hendrix,1968-12-09,"089 Drake Orchard Howardchester, MI 40056",(200)403-6106x79314
441,297,homas,Farrell,1986-07-14,"4223 Morris Brooks Suite 794 North Tina, NH 96080",223.569.5820x76775
442,228,Todd,Gordon,1984-05-12,"PSC 3679, Box 2608 APO AE 66496",589.450.2181
443,123,David,Fitzpatrick,1955-03-01,"31373 Laura Lane Josephshire, KS 58556",704.676.3708x96539
444,295,olly,Cherry,1959-08-29,"10592 Nicole Hollow Nicolebury, SD 68132",683-832-9762x14655
445,206,Marcus,Turner,1958-12-07,"595 Davis Summit Apt. 028 Leahbury, AK 10875",+1-514-666-4570
446,172,Lauren,Roberson,1940-07-11,"119 Michael Expressway Suite 765 Sarahport, MD 56543",001-727-727-2685x5102
447,208,Mark,Shah,1979-01-23,"625 Stephanie Fort South Larry, AZ 58856",001-778-528-6199x376
448,80,Natasha,Thomas,1928-03-06,"184 Bell Shores Moralesmouth, WA 88276",+1-578-353-8065x580
449,76,Jennifer,Morgan,1936-10-14,Unit 4779 Box 5417 DPO AE 14614,448.969.7629x62191
450,250,Nicholas,Savage,1928-08-30,"9681 Harrison Hollow Apt. 064 Forbesshire, OR 63737",(355)992-5497x2834
451,53,Christopher,Johnson,1934-11-24,"1759 Estrada Valleys Apt. 288 Port Melissaburgh, AK 84808",(486)893-7640
452,260,Jacquelin,Ayers,1935-05-10,"451 Katie Row Apt. 782 South Jacobfort, DC 03907",723.790.5574
453,78,Ann,Warner,1959-01-28,"782 Dawn Radial Port Christopher, NJ 38224",443-360-0810x422
454,190,Blak,Perez,2007-08-17,"PSC 8406, Box 5333 APO AA 02812",+1-410-913-5918x643
455,205,Jacqueline,Ayers,1935-05-10,"451 Katie Row Apt. 782 South Jacobfort, DC 03907",723.790.5574
456,186,Anthony,Ryan,1935-02-25,"95092 Bates Falls Suite 736 Courtneyside, GU 02279",(959)573-7699x566
457,194,Jessica,Mclean,1993-07-06,Unit 9905 Box 5997 DPO AE 70224,+1-897-264-9035x55263
458,235,Matthew,Bell,1951-08-28,"730 Joshua Knolls Apt. 997 Rhondabury, PR 03706",(784)326-4940
459,102,Kimberly,Thompson,1975-06-13,"86624 Alexander Place East Timothyville, TN 15799",544.946.0945x7104
460,54,George,Alexander,1929-10-09,"965 William Motorway South Christineview, MP 67020",986.374.2385x2492
461,75,Christopher,Reynolds,1934-11-22,"98453 Gonzalez Ferry South Dominique, RI 78018",769.530.0690x28164
462,24,Michelle,Campbell,1936-06-23,"168 Figueroa Turnpike Kellystad, OK 82920",(621)716-6972
463,111,James,Johnson,1964-05-26,"79294 Kevin Curve Durhamton, MA 14034",991-844-9520
464,215,Vincent,Jones,1984-11-06,"6107 Salas Groves Ponceview, MS 76451",(920)812-059
465,22,Nathan,Farley,1932-11-16,"1892 Hebert Ferry Reynoldsbury, NH 45116",625.371.7340x79703
466,1,Megan,Chang,1960-03-24,"4759 William Haven Apt. 194 West Corey, CA 90152",278-215-6593x87784
467,107,Justin,Benson,1928-11-09,"2639 Robin Bypass South Nancy, TN 59436",001-495-955-1065
468,132,Timothy,Campbell,1959-05-28,"211 Hall Road Apt. 694 New Brandonchester, NC 48706",732.911.8924
469,204,Michael,Vega,1943-09-21,USNS Lawrence FPO AP 88052,987.852.6773
470,108,Molly,Perez,1981-10-26,"039 Gutierrez Lock Apt. 266 Wilcoxborough, KS 08780",001-829-704-2124x264
471,61,Jennifer,Smith,1958-12-03,"63477 Jeremy Haven Suite 792 East Kevinhaven, SC 88733",802-550-5927
472,104,Jennifer,Griffin,1966-12-08,"56821 Jessica Plaza North Jessica, MS 49228",658.798.6439x12965
473,248,Michael,Tyler,2007-11-23,"541 Bautista Park Apt. 764 Jamesstad, IA 80436",813.664.2069x59729
474,30,Angelica,Tanne,1958-01-22,USNS Burns FPO AE 37069,(956)618-4983x478
475,232,Angela,Kelley,1944-06-20,"0730 Jeremy Rest Apt. 179 Myerstown, AR 10697",279-911-3654
476,229,Paul,Clark,1959-04-12,"379 Evans Estate Kennethfurt, MN 31770",736.726.4320
477,263,tacey,Williams,1945-02-26,"704 Shelley Forge West Christopher, KS 64803",346.659.8211x264
478,15,Mark,Martin,1937-09-02,"688 Audrey Springs Apt. 634 Petersenfort, PR 51431",+1-993-600-2489x451
479,74,Rebecca,Rose,1990-11-05,1039 Melissa Underpass Apt. 329 Lake Michael; AS 35585,7007924367
480,9,Jason,Love,1925-07-07,19344 Craig Walk Burtontown; KY 59873,242-285-1240
481,233,Alexandra,Newton,1993-10-23,"540 Brown Way South Michaelfort, OK 46495",(932)489-924
482,40,Andrew,Moss,1972-10-04,"1973 Shields Valley East Frankland, NE 83698",(544)865-9514x070
483,33,Tracy,Parker,2004-11-19,"778 Padilla Common Derrickfurt, VT 25544",646-203-0535x73452
484,59,Abigail,Howell,1959-10-13,"66706 Patrick Track New Stephanietown, OR 45991",001-255-472-9814x114
485,184,Angie,Sampson,1986-10-24,"38606 Lawrence Points Apt. 115 Patelborough, NM 61043",(299)748-8751
486,99,Thomas,Farrell,1986-07-14,"4223 Morris Brooks Suite 794 North Tina, NH 96080",223.569.5820x76775
487,221,Shannon,Bradley,1950-12-23,"67197 Sara Fall Port Laura, TN 54396",+1-352-752-3762
488,86,Nancy,Scott,1990-10-06,"12623 Michael Shoals Suite 241 Latoyabury, AL 19300",790.562.2780
489,123,David,itzpatrick,1955-03-01,"31373 Laura Lane Josephshire, KS 58556",704.676.3708x96539
490,299,William,Reynolds,1971-08-15,"2052 William Rest North Jessica, MH 74153",578-297-4591
491,134,Cynthia,Powell,1967-11-01,"1720 Scott Station Suite 547 West Jessicabury, GU 46752",001-355-763-0698x4690
492,113,Christopher,Stewart,1947-12-03,"65545 Jaime Run Danielleburgh, PR 73609",(373)818-4106
493,189,Juan,Carson,1960-11-15,"30976 Wade Fords Suite 157 Riveratown, TN 04713",699-577-3780
494,43,Jessica,Stone,1993-09-02,"59118 Lisa Flats Suite 544 Lutzberg, WV 59329",+1-520-992-8051
495,217,Judy,Cox,1957-01-16,"50019 Rodriguez Junction Apt. 555 Dylanmouth, CO 33868",644-426-9639x13472
496,112,Richard,Lewis,1959-12-29,"7626 Kathleen Road Apt. 412 Morrisport, AS 59466",732-472-5372x18997
497,37,Brett,Nelson,2007-12-18,"388 Hughes Village Suite 319 Lindabury, OR 88825",001-685-622-5090x9255
498,9,Jason,Love,1925-07-07,"19344 Craig Walk Burtontown, KY 59873",242-285-124
499,91,Austin,Alexander,1949-03-16,"752 Nancy Meadow Joyceville, GA 18758",986.520.4791x511
500,47,Shery,Dominguez,1938-08-24,"395 Timothy Road Williamsbury, SC 37407",423-253-2675x92690
